C.index,Lower,Upper,cohort
0.612026597,0.549273136,0.674780059,MPCDI
0.517526742,0.451417005,0.583636478,Age
0.5281512,0.494739726,0.561562674,Gender
0.673311185,0.617833831,0.728788539,Stage
