C.index,Lower,Upper,cohort
0.619122257,0.510657381,0.727587133,MPCDI
0.49960815,0.386660242,0.612556059,Age
0.536050157,0.48524785,0.586852463,Gender
0.540360502,0.443363218,0.637357785,Stage
