C.index,Lower,Upper,cohort
0.630993024,0.550883106,0.711102941,MPCDI
0.531393795,0.435599097,0.627188494,Age
0.578670031,0.499192403,0.658147659,Gender
0.698159418,0.623249027,0.773069809,Stage
