"","row","column","cor","p","p_value"
"1","RS","B_cell_TIMER",0.227435992802626,1.14454856161572e-05,"****"
"2","RS","T_cell_CD4_TIMER",0.291718990678974,1.36166624642442e-08,"****"
"4","RS","T_cell_CD8_TIMER",0.0310859918251497,0.553848562831082,NA
"7","RS","Neutrophil_TIMER",0.446806634172834,0,"****"
"11","RS","Macrophage_TIMER",0.39324355920565,5.99520433297585e-15,"****"
"16","RS","DC_TIMER",0.386053600997898,2.04281036531029e-14,"****"
