"Gene","Coef"
"FYN",-0.318620155689723
"HMOX1",0.162846806551543
"LGALS3",0.107758271427124
"S100A9",0.107682393942489
